id,name,email,twitter,group,area,chamber,start_date,end_date
11929,Adam Afriyie,,,Conservative,Windsor,House of Commons,2010-05-06,2015-03-30
11599,Adam Holloway,,,Conservative,Gravesham,House of Commons,2010-05-06,2015-03-30
10683,Adrian Bailey,,,Labour,West Bromwich West,House of Commons,2010-05-06,2015-03-30
10527,Adrian Sanders,,,Liberal Democrat,Torbay,House of Commons,2010-05-06,2015-03-30
24844,Aidan Burley,,,Conservative,Cannock Chase,House of Commons,2010-05-06,2015-03-30
10034,Alan Beith,,,Liberal Democrat,Berwick-upon-Tweed,House of Commons,2010-05-06,2015-03-30
10086,Alan Campbell,,,Labour,Tynemouth,House of Commons,2010-05-06,2015-03-30
10179,Alan Duncan,,,Conservative,Rutland and Melton,House of Commons,2010-05-06,2015-03-30
10263,Alan Haselhurst,,,Conservative,Saffron Walden,House of Commons,2010-05-06,2015-03-30
10314,Alan Johnson,,,Labour,Kingston upon Hull West and Hessle,House of Commons,2010-05-06,2015-03-30
10329,Alan Keen,,,Labour,Feltham and Heston,House of Commons,2010-05-06,2011-11-13
10428,Alan Meale,,,Labour,Mansfield,House of Commons,2010-05-06,2015-03-30
11185,Alan Reid,,,Liberal Democrat,Argyll and Bute,House of Commons,2010-05-06,2015-03-30
10630,Alan Whitehead,,,Labour,"Southampton, Test",House of Commons,2010-05-06,2015-03-30
11402,Alasdair McDonnell,,,Social Democratic and Labour Party,Belfast South,House of Commons,2010-05-06,2015-03-30
11148,Albert Owen,,,Labour,Ynys Môn,House of Commons,2010-05-06,2015-03-30
24893,Alec Shelbrooke,,,Conservative,Elmet and Rothwell,House of Commons,2010-05-06,2015-03-30
24742,Alex Cunningham,,,Labour,Stockton North,House of Commons,2010-05-06,2015-03-30
24897,Alison McGovern,,,Labour,Wirral South,House of Commons,2010-05-06,2015-03-30
11760,Alison Seabeck,,,Labour,"Plymouth, Moor View",House of Commons,2010-05-06,2015-03-30
10770,Alistair Burt,,,Conservative,North East Bedfordshire,House of Commons,2010-05-06,2015-03-30
10785,Alistair Carmichael,,,Liberal Democrat,Orkney and Shetland,House of Commons,2010-05-06,2015-03-30
10153,Alistair Darling,,,Labour,Edinburgh South West,House of Commons,2010-05-06,2015-03-30
24902,Alok Sharma,,,Conservative,Reading West,House of Commons,2010-05-06,2015-03-30
24740,Alun Cairns,,,Conservative,Vale of Glamorgan,House of Commons,2010-05-06,2015-03-30
10431,Alun Michael,,,Labour,Cardiff South and Penarth,House of Commons,2010-05-06,2012-10-22
24795,Amber Rudd,,,Conservative,Hastings and Rye,House of Commons,2010-05-06,2015-03-30
24738,Anas Sarwar,,,Labour,Glasgow Central,House of Commons,2010-05-06,2015-03-30
24829,Andrea Leadsom,,,Conservative,South Northamptonshire,House of Commons,2010-05-06,2015-03-30
24748,Andrew Bingham,,,Conservative,High Peak,House of Commons,2010-05-06,2015-03-30
24741,Andrew Bridgen,,,Conservative,North West Leicestershire,House of Commons,2010-05-06,2015-03-30
10222,Andrew George,,,Liberal Democrat,St Ives,House of Commons,2010-05-06,2015-03-30
24826,Andrew Griffiths,,,Conservative,Burton,House of Commons,2010-05-06,2015-03-30
11531,Andrew Gwynne,,,Labour,Denton and Reddish,House of Commons,2010-05-06,2015-03-30
24758,Andrew Jones,,,Conservative,Harrogate and Knaresborough,House of Commons,2010-05-06,2015-03-30
10349,Andrew Lansley,,,Conservative,South Cambridgeshire,House of Commons,2010-05-06,2015-03-30
10372,Andrew Love,,,Labour,Edmonton,House of Commons,2010-05-06,2015-03-30
10435,Andrew Miller,,,Labour,Ellesmere Port and Neston,House of Commons,2010-05-06,2015-03-30
11115,Andrew Mitchell,,,Conservative,Sutton Coldfield,House of Commons,2010-05-06,2015-03-30
11132,Andrew Murrison,,,Conservative,South West Wiltshire,House of Commons,2010-05-06,2015-03-30
24832,Andrew Percy,,,Conservative,Brigg and Goole,House of Commons,2010-05-06,2015-03-30
10503,Andrew Robathan,,,Conservative,South Leicestershire,House of Commons,2010-05-06,2015-03-30
11199,Andrew Rosindell,,,Conservative,Romford,House of Commons,2010-05-06,2015-03-30
11216,Andrew Selous,,,Conservative,South West Bedfordshire,House of Commons,2010-05-06,2015-03-30
11559,Andrew Slaughter,,,Labour,Hammersmith,House of Commons,2010-05-06,2015-03-30
10545,Andrew Smith,,,Labour,Oxford East,House of Commons,2010-05-06,2015-03-30
24759,Andrew Stephenson,,,Conservative,Pendle,House of Commons,2010-05-06,2015-03-30
10578,Andrew Stunell,,,Liberal Democrat,Hazel Grove,House of Commons,2010-05-06,2015-03-30
11291,Andrew Turner,,,Conservative,Isle of Wight,House of Commons,2010-05-06,2015-03-30
10613,Andrew Tyrie,,,Conservative,Chichester,House of Commons,2010-05-06,2015-03-30
10766,Andy Burnham,,,Labour,Leigh,House of Commons,2010-05-06,2015-03-30
25169,Andy McDonald,,,Labour,Middlesbrough,House of Commons,2012-11-30,2015-03-30
25167,Andy Sawford,,,Labour,Corby,House of Commons,2012-11-16,2015-03-30
10182,Angela Eagle,,,Labour,Wallasey,House of Commons,2010-05-06,2015-03-30
11814,Angela Smith,,,Labour,Penistone and Stocksbridge,House of Commons,2010-05-06,2015-03-30
11308,Angela Watkinson,,,Conservative,Hornchurch and Upminster,House of Commons,2010-05-06,2015-03-30
24952,Angie Bray,,,Conservative,Ealing Central and Acton,House of Commons,2010-05-06,2015-03-30
12004,Angus MacNeil,,,Scottish National Party,Na h-Eileanan an Iar,House of Commons,2010-05-06,2015-03-30
11189,Angus Robertson,,,Scottish National Party,Moray,House of Commons,2010-05-06,2015-03-30
10120,Ann Clwyd,,,Labour,Cynon Valley,House of Commons,2010-05-06,2015-03-30
10122,Ann Coffey,,,Labour,Stockport,House of Commons,2010-05-06,2015-03-30
11076,Ann McKechin,,,Labour,Glasgow North,House of Commons,2010-05-06,2015-03-30
24772,Anna Soubry,,,Conservative,Broxtowe,House of Commons,2010-05-06,2015-03-30
10032,Anne Begg,,,Labour,Aberdeen South,House of Commons,2010-05-06,2015-03-30
11798,Anne Main,,,Conservative,St Albans,House of Commons,2010-05-06,2015-03-30
24912,Anne Marie Morris,,,Conservative,Newton Abbot,House of Commons,2010-05-06,2015-03-30
10388,Anne McGuire,,,Labour,Stirling,House of Commons,2010-05-06,2015-03-30
10389,Anne McIntosh,,,Conservative,Thirsk and Malton,House of Commons,2010-05-27,2015-03-30
11603,Anne Milton,,,Conservative,Guildford,House of Commons,2010-05-06,2015-03-30
10754,Annette Brooke,,,Liberal Democrat,Mid Dorset and North Poole,House of Commons,2010-05-06,2015-03-30
10436,Austin Mitchell,,,Labour,Great Grimsby,House of Commons,2010-05-06,2015-03-30
11943,Barbara Keeley,,,Labour,Worsley and Eccles South,House of Commons,2010-05-06,2015-03-30
10220,Barry Gardiner,,,Labour,Brent North,House of Commons,2010-05-06,2015-03-30
10534,Barry Sheerman,,,Labour,Huddersfield,House of Commons,2010-05-06,2015-03-30
10061,Ben Bradshaw,,,Labour,Exeter,House of Commons,2010-05-06,2015-03-30
24922,Ben Gummer,,,Conservative,Ipswich,House of Commons,2010-05-06,2015-03-30
11668,Ben Wallace,,,Conservative,Wyre and Preston North,House of Commons,2010-05-06,2015-03-30
10312,Bernard Jenkin,,,Conservative,Harwich and North Essex,House of Commons,2010-05-06,2015-03-30
10095,Bill Cash,,,Conservative,Stone,House of Commons,2010-05-06,2015-03-30
24905,Bill Esterson,,,Labour,Sefton Central,House of Commons,2010-05-06,2015-03-30
11318,Bill Wiggin,,,Conservative,North Herefordshire,House of Commons,2010-05-06,2015-03-30
10005,Bob Ainsworth,,,Labour,Coventry North East,House of Commons,2010-05-06,2015-03-30
24945,Bob Blackman,,,Conservative,Harrow East,House of Commons,2010-05-06,2015-03-30
13736,Bob Neill,,,Conservative,Bromley and Chislehurst,House of Commons,2010-05-06,2015-03-30
10521,Bob Russell,,,Liberal Democrat,Colchester,House of Commons,2010-05-06,2015-03-30
24907,Bob Stewart,,,Conservative,Beckenham,House of Commons,2010-05-06,2015-03-30
24879,Brandon Lewis,,,Conservative,Great Yarmouth,House of Commons,2010-05-06,2015-03-30
11742,Brian Binley,,,Conservative,Northampton South,House of Commons,2010-05-06,2015-03-30
10173,Brian H Donohoe,,,Labour,Central Ayrshire,House of Commons,2010-05-06,2015-03-30
24709,Bridget Phillipson,,,Labour,Houghton and Sunderland South,House of Commons,2010-05-06,2015-03-30
11443,Brooks Newmark,,,Conservative,Braintree,House of Commons,2010-05-06,2015-03-30
24873,Caroline Dinenage,,,Conservative,Gosport,House of Commons,2010-05-06,2015-03-30
10202,Caroline Flint,,,Labour,Don Valley,House of Commons,2010-05-06,2015-03-30
24910,Caroline Lucas,,,Green,"Brighton, Pavilion",House of Commons,2010-05-06,2015-03-30
24809,Caroline Nokes,,,Conservative,Romsey and Southampton North,House of Commons,2010-05-06,2015-03-30
10559,Caroline Spelman,,,Conservative,Meriden,House of Commons,2010-05-06,2015-03-30
24818,Catherine McKinnell,,,Labour,Newcastle upon Tyne North,House of Commons,2010-05-06,2015-03-30
24726,Cathy Jamieson,,,Labour,Kilmarnock and Loudoun,House of Commons,2010-05-06,2015-03-30
10955,Charles Hendry,,,Conservative,Wealden,House of Commons,2010-05-06,2015-03-30
10334,Charles Kennedy,,,Liberal Democrat,"Ross, Skye and Lochaber",House of Commons,2010-05-06,2015-03-30
11461,Charles Walker,,,Conservative,Broxbourne,House of Commons,2010-05-06,2015-03-30
24777,Charlie Elphicke,,,Conservative,Dover,House of Commons,2010-05-06,2015-03-30
24891,Charlotte Leslie,,,Conservative,Bristol North West,House of Commons,2010-05-06,2015-03-30
10228,Cheryl Gillan,,,Conservative,Chesham and Amersham,House of Commons,2010-05-06,2015-03-30
24807,Chi Onwurah,,,Labour,Newcastle upon Tyne Central,House of Commons,2010-05-06,2015-03-30
24691,Chloe Smith,,,Conservative,Norwich North,House of Commons,2010-05-06,2015-03-30
10761,Chris Bryant,,,Labour,Rhondda,House of Commons,2010-05-06,2015-03-30
24721,Chris Evans,,,Labour,Islwyn,House of Commons,2010-05-06,2015-03-30
10920,Chris Grayling,,,Conservative,Epsom and Ewell,House of Commons,2010-05-06,2015-03-30
24841,Chris Heaton-Harris,,,Conservative,Daventry,House of Commons,2010-05-06,2015-03-30
24838,Chris Kelly,,,Conservative,Dudley South,House of Commons,2010-05-06,2015-03-30
10354,Chris Leslie,,,Labour,Nottingham East,House of Commons,2010-05-06,2015-03-30
10518,Chris Ruane,,,Labour,Vale of Clwyd,House of Commons,2010-05-06,2015-03-30
24713,Chris Skidmore,,,Conservative,Kingswood,House of Commons,2010-05-06,2015-03-30
24959,Chris White,,,Conservative,Warwick and Leamington,House of Commons,2010-05-06,2015-03-30
24830,Chris Williamson,,,Labour,Derby North,House of Commons,2010-05-06,2015-03-30
10103,Christopher Chope,,,Conservative,Christchurch,House of Commons,2010-05-06,2015-03-30
11565,Christopher Huhne,,,Liberal Democrat,Eastleigh,House of Commons,2010-05-06,2013-02-05
24747,Christopher Pincher,,,Conservative,Tamworth,House of Commons,2010-05-06,2015-03-30
24950,Chuka Umunna,,,Labour,Streatham,House of Commons,2010-05-06,2015-03-30
24915,Claire Perry,,,Conservative,Devizes,House of Commons,2010-05-06,2015-03-30
10045,Clive Betts,,,Labour,Sheffield South East,House of Commons,2010-05-06,2015-03-30
10185,Clive Efford,,,Labour,Eltham,House of Commons,2010-05-06,2015-03-30
24780,Conor Burns,,,Conservative,Bournemouth West,House of Commons,2010-05-06,2015-03-30
11734,Conor Murphy,,,Sinn Féin,Newry and Armagh,House of Commons,2010-05-06,2015-03-30
24944,Craig Whittaker,,,Conservative,Calder Valley,House of Commons,2010-05-06,2015-03-30
10051,Crispin Blunt,,,Conservative,Reigate,House of Commons,2010-05-06,2015-03-30
10944,Dai Havard,,,Labour,Merthyr Tydfil and Rhymney,House of Commons,2010-05-06,2015-03-30
24744,Damian Collins,,,Conservative,Folkestone and Hythe,House of Commons,2010-05-06,2015-03-30
10241,Damian Green,,,Conservative,Ashford,House of Commons,2010-05-06,2015-03-30
24782,Damian Hinds,,,Conservative,East Hampshire,House of Commons,2010-05-06,2015-03-30
24849,Dan Byles,,,Conservative,North Warwickshire,House of Commons,2010-05-06,2015-03-30
25067,Dan Jarvis,,,Labour,Barnsley Central,House of Commons,2011-03-04,2015-03-30
11513,Dan Rogerson,,,Liberal Democrat,North Cornwall,House of Commons,2010-05-06,2015-03-30
11817,Daniel Kawczynski,,,Conservative,Shrewsbury and Atcham,House of Commons,2010-05-06,2015-03-30
24756,Daniel Poulter,,,Conservative,Central Suffolk and North Ipswich,House of Commons,2010-05-06,2015-03-30
11995,Danny Alexander,,,Liberal Democrat,"Inverness, Nairn, Badenoch and Strathspey",House of Commons,2010-05-06,2015-03-30
10625,Dave Watts,,,Labour,St Helens North,House of Commons,2010-05-06,2015-03-30
10009,David Amess,,,Conservative,Southend West,House of Commons,2010-05-06,2015-03-30
11427,David Anderson,,,Labour,Blaydon,House of Commons,2010-05-06,2015-03-30
10050,David Blunkett,,,Labour,"Sheffield, Brightside and Hillsborough",House of Commons,2010-05-06,2015-03-30
11573,David Burrowes,,,Conservative,"Enfield, Southgate",House of Commons,2010-05-06,2015-03-30
10775,David Cairns,,,Labour,Inverclyde,House of Commons,2010-05-06,2011-05-09
10777,David Cameron,,,Conservative,Witney,House of Commons,2010-05-06,2015-03-30
10141,David Crausby,,,Labour,Bolton North East,House of Commons,2010-05-06,2015-03-30
11719,David Davies,,,Conservative,Monmouth,House of Commons,2010-05-06,2015-03-30
10162,David Davis,,,Conservative,Haltemprice and Howden,House of Commons,2010-05-06,2015-03-30
11408,David Evennett,,,Conservative,Bexleyheath and Crayford,House of Commons,2010-05-06,2015-03-30
11633,David Gauke,,,Conservative,South West Hertfordshire,House of Commons,2010-05-06,2015-03-30
10934,David Hamilton,,,Labour,Midlothian,House of Commons,2010-05-06,2015-03-30
10259,David Hanson,,,Labour,Delyn,House of Commons,2010-05-06,2015-03-30
10269,David Heath,,,Liberal Democrat,Somerton and Frome,House of Commons,2010-05-06,2015-03-30
10961,David Heyes,,,Labour,Ashton-under-Lyne,House of Commons,2010-05-06,2015-03-30
11506,David Jones,,,Conservative,Clwyd West,House of Commons,2010-05-06,2015-03-30
10678,David Lammy,,,Labour,Tottenham,House of Commons,2010-05-06,2015-03-30
11036,David Laws,,,Liberal Democrat,Yeovil,House of Commons,2010-05-06,2015-03-30
10361,David Lidington,,,Conservative,Aylesbury,House of Commons,2010-05-06,2015-03-30
11113,David Miliband,,,Labour,South Shields,House of Commons,2010-05-06,2013-04-15
24966,David Morris,,,Conservative,Morecambe and Lunesdale,House of Commons,2010-05-06,2015-03-30
24932,David Mowat,,,Conservative,Warrington South,House of Commons,2010-05-06,2015-03-30
11970,David Mundell,,,Conservative,"Dumfriesshire, Clydesdale and Tweeddale",House of Commons,2010-05-06,2015-03-30
24877,David Nuttall,,,Conservative,Bury North,House of Commons,2010-05-06,2015-03-30
10520,David Ruffley,,,Conservative,Bury St Edmunds,House of Commons,2010-05-06,2015-03-30
24820,David Rutley,,,Conservative,Macclesfield,House of Commons,2010-05-06,2015-03-30
11892,David Simpson,,,DUP,Upper Bann,House of Commons,2010-05-06,2015-03-30
10602,David Tredinnick,,,Conservative,Bosworth,House of Commons,2010-05-06,2015-03-30
24946,David Ward,,,Liberal Democrat,Bradford East,House of Commons,2010-05-06,2015-03-30
10637,David Willetts,,,Conservative,Havant,House of Commons,2010-05-06,2015-03-30
10645,David Winnick,,,Labour,Walsall North,House of Commons,2010-05-06,2015-03-30
11340,David Wright,,,Labour,Telford,House of Commons,2010-05-06,2015-03-30
10489,Dawn Primarolo,,,Labour,Bristol South,House of Commons,2010-05-06,2015-03-30
25034,Debbie Abrahams,,,Labour,Oldham East and Saddleworth,House of Commons,2011-01-14,2015-03-30
10401,Denis MacShane,,,Labour,Rotherham,House of Commons,2010-05-06,2012-11-02
10544,Dennis Skinner,,,Labour,Bolsover,House of Commons,2010-05-06,2015-03-30
10610,Derek Twigg,,,Labour,Halton,House of Commons,2010-05-06,2015-03-30
10580,Desmond Swayne,,,Conservative,New Forest West,House of Commons,2010-05-06,2015-03-30
11647,Diana R. Johnson,,,Labour,Kingston upon Hull North,House of Commons,2010-05-06,2015-03-30
10001,Diane Abbott,,,Labour,Hackney North and Stoke Newington,House of Commons,2010-05-06,2015-03-30
10243,Dominic Grieve,,,Conservative,Beaconsfield,House of Commons,2010-05-06,2015-03-30
24815,Dominic Raab,,,Conservative,Esher and Walton,House of Commons,2010-05-06,2015-03-30
10208,Don Foster,,,Liberal Democrat,Bath,House of Commons,2010-05-06,2015-03-30
10661,Douglas Alexander,,,Labour,Paisley and Renfrewshire South,House of Commons,2010-05-06,2015-03-30
11621,Douglas Carswell,,,Conservative,Clacton,House of Commons,2010-05-06,2014-08-29
11621,Douglas Carswell,,,UKIP,Clacton,House of Commons,2014-10-10,2015-03-30
24865,Duncan Hames,,,Liberal Democrat,Chippenham,House of Commons,2010-05-06,2015-03-30
11545,Ed Miliband,,,Labour,Doncaster North,House of Commons,2010-05-06,2015-03-30
11905,Ed Vaizey,,,Conservative,Wantage,House of Commons,2010-05-06,2015-03-30
11740,Edward Balls,,,Labour,Morley and Outwood,House of Commons,2010-05-06,2015-03-30
10155,Edward Davey,,,Liberal Democrat,Kingston and Surbiton,House of Commons,2010-05-06,2015-03-30
10221,Edward Garnier,,,Conservative,Harborough,House of Commons,2010-05-06,2015-03-30
10352,Edward Leigh,,,Conservative,Gainsborough,House of Commons,2010-05-06,2015-03-30
14128,Edward Timpson,,,Conservative,Crewe and Nantwich,House of Commons,2010-05-06,2015-03-30
24812,Eilidh Whiteford,,,Scottish National Party,Banff and Buchan,House of Commons,2010-05-06,2015-03-30
10348,Eleanor Laing,,,Conservative,Epping Forest,House of Commons,2010-05-06,2015-03-30
10368,Elfyn Llwyd,,,Plaid Cymru,Dwyfor Meirionnydd,House of Commons,2010-05-06,2015-03-30
24941,Elizabeth Truss,,,Conservative,South West Norfolk,House of Commons,2010-05-06,2015-03-30
11656,Emily Thornberry,,,Labour,Islington South and Finsbury,House of Commons,2010-05-06,2015-03-30
25181,Emma Lewell-Buck,,,Labour,South Shields,House of Commons,2013-05-03,2015-03-30
24868,Emma Reynolds,,,Labour,Wolverhampton North East,House of Commons,2010-05-06,2015-03-30
10305,Eric Illsley,,,Labour,Barnsley Central,House of Commons,2010-05-06,2011-02-08
10685,Eric Joyce,,,Labour,Falkirk,House of Commons,2010-05-06,2015-03-30
24967,Eric Ollerenshaw,,,Conservative,Lancaster and Fleetwood,House of Commons,2010-05-06,2015-03-30
10477,Eric Pickles,,,Conservative,Brentwood and Ongar,House of Commons,2010-05-06,2015-03-30
24882,Esther McVey,,,Conservative,Wirral West,House of Commons,2010-05-06,2015-03-30
10256,Fabian Hamilton,,,Labour,Leeds North East,House of Commons,2010-05-06,2015-03-30
24857,Fiona Bruce,,,Conservative,Congleton,House of Commons,2010-05-06,2015-03-30
10402,Fiona Mactaggart,,,Labour,Slough,House of Commons,2010-05-06,2015-03-30
24723,Fiona O'Donnell,,,Labour,East Lothian,House of Commons,2010-05-06,2015-03-30
13836,Francie Molloy,,,Sinn Féin,Mid Ulster,House of Commons,2013-03-08,2015-03-30
10171,Frank Dobson,,,Labour,Holborn and St Pancras,House of Commons,2010-05-06,2015-03-30
10174,Frank Doran,,,Labour,Aberdeen North,House of Commons,2010-05-06,2015-03-30
10197,Frank Field,,,Labour,Birkenhead,House of Commons,2010-05-06,2015-03-30
10517,Frank Roy,,,Labour,Motherwell and Wishaw,House of Commons,2010-05-06,2015-03-30
24803,Gareth Johnson,,,Conservative,Dartford,House of Commons,2010-05-06,2015-03-30
10594,Gareth Thomas,,,Labour,Harrow West,House of Commons,2010-05-06,2015-03-30
10575,Gary Streeter,,,Conservative,South West Devon,House of Commons,2010-05-06,2015-03-30
24863,Gavin Barwell,,,Conservative,Croydon Central,House of Commons,2010-05-06,2015-03-30
24847,Gavin Shuker,,,Labour,Luton South,House of Commons,2010-05-06,2015-03-30
24729,Gavin Williamson,,,Conservative,South Staffordshire,House of Commons,2010-05-06,2015-03-30
24918,Gemma Doyle,,,Labour,West Dunbartonshire,House of Commons,2010-05-06,2015-03-30
10119,Geoffrey Clifton-Brown,,,Conservative,The Cotswolds,House of Commons,2010-05-06,2015-03-30
11541,Geoffrey Cox,,,Conservative,Torridge and West Devon,House of Commons,2010-05-06,2015-03-30
10506,Geoffrey Robinson,,,Labour,Coventry North West,House of Commons,2010-05-06,2015-03-30
24933,George Eustice,,,Conservative,Camborne and Redruth,House of Commons,2010-05-06,2015-03-30
24817,George Freeman,,,Conservative,Mid Norfolk,House of Commons,2010-05-06,2015-03-30
10218,George Galloway,,,Respect,Bradford West,House of Commons,2012-03-30,2015-03-30
24936,George Hollingbery,,,Conservative,Meon Valley,House of Commons,2010-05-06,2015-03-30
10292,George Howarth,,,Labour,Knowsley,House of Commons,2010-05-06,2015-03-30
10450,George Mudie,,,Labour,Leeds East,House of Commons,2010-05-06,2015-03-30
11145,George Osborne,,,Conservative,Tatton,House of Commons,2010-05-06,2015-03-30
10659,George Young,,,Conservative,North West Hampshire,House of Commons,2010-05-06,2015-03-30
10159,Geraint Davies,,,Labour,Swansea West,House of Commons,2010-05-06,2015-03-30
10293,Gerald Howarth,,,Conservative,Aldershot,House of Commons,2010-05-06,2015-03-30
10327,Gerald Kaufman,,,Labour,"Manchester, Gorton",House of Commons,2010-05-06,2015-03-30
10002,Gerry Adams,,,Sinn Féin,Belfast West,House of Commons,2010-05-06,2011-01-26
10579,Gerry Sutcliffe,,,Labour,Bradford South,House of Commons,2010-05-06,2015-03-30
10577,Gisela Stuart,,,Labour,"Birmingham, Edgbaston",House of Commons,2010-05-06,2015-03-30
10308,Glenda Jackson,,,Labour,Hampstead and Kilburn,House of Commons,2010-05-06,2015-03-30
24811,Gloria De Piero,,,Labour,Ashfield,House of Commons,2010-05-06,2015-03-30
24739,Glyn Davies,,,Conservative,Montgomeryshire,House of Commons,2010-05-06,2015-03-30
12005,Gordon Banks,,,Labour,Ochil and South Perthshire,House of Commons,2010-05-06,2015-03-30
24793,Gordon Birtwistle,,,Liberal Democrat,Burnley,House of Commons,2010-05-06,2015-03-30
10068,Gordon Brown,,,Labour,Kirkcaldy and Cowdenbeath,House of Commons,2010-05-06,2015-03-30
24828,Gordon Henderson,,,Conservative,Sittingbourne and Sheppey,House of Commons,2010-05-06,2015-03-30
10415,Gordon Marsden,,,Labour,Blackpool South,House of Commons,2010-05-06,2015-03-30
24735,Graeme Morrice,,,Labour,Livingston,House of Commons,2010-05-06,2015-03-30
10008,Graham Allen,,,Labour,Nottingham North,House of Commons,2010-05-06,2015-03-30
10062,Graham Brady,,,Conservative,Altrincham and Sale West,House of Commons,2010-05-06,2015-03-30
24883,Graham Evans,,,Conservative,Weaver Vale,House of Commons,2010-05-06,2015-03-30
24835,Graham Jones,,,Labour,Hyndburn,House of Commons,2010-05-06,2015-03-30
10576,Graham Stringer,,,Labour,Blackley and Broughton,House of Commons,2010-05-06,2015-03-30
11406,Graham Stuart,,,Conservative,Beverley and Holderness,House of Commons,2010-05-06,2015-03-30
24715,Grahame Morris,,,Labour,Easington,House of Commons,2010-05-06,2015-03-30
11917,Grant Shapps,,,Conservative,Welwyn Hatfield,House of Commons,2010-05-06,2015-03-30
11884,Greg Clark,,,Conservative,Tunbridge Wells,House of Commons,2010-05-06,2015-03-30
11610,Greg Hands,,,Conservative,Chelsea and Fulham,House of Commons,2010-05-06,2015-03-30
11026,Greg Knight,,,Conservative,East Yorkshire,House of Commons,2010-05-06,2015-03-30
11672,Greg Mulholland,,,Liberal Democrat,Leeds North West,House of Commons,2010-05-06,2015-03-30
24733,Gregg McClymont,,,Labour,"Cumbernauld, Kilsyth and Kirkintilloch East",House of Commons,2010-05-06,2015-03-30
10713,Gregory Barker,,,Conservative,Bexhill and Battle,House of Commons,2010-05-06,2015-03-30
10780,Gregory Campbell,,,DUP,East Londonderry,House of Commons,2010-05-06,2015-03-30
24736,Guto Bebb,,,Conservative,Aberconwy,House of Commons,2010-05-06,2015-03-30
24962,Guy Opperman,,,Conservative,Hexham,House of Commons,2010-05-06,2015-03-30
10260,Harriet Harman,,,Labour,Camberwell and Peckham,House of Commons,2010-05-06,2015-03-30
24785,Harriett Baldwin,,,Conservative,West Worcestershire,House of Commons,2010-05-06,2015-03-30
10048,Hazel Blears,,,Labour,Salford and Eccles,House of Commons,2010-05-06,2015-03-30
24769,Heather Wheeler,,,Conservative,South Derbyshire,House of Commons,2010-05-06,2015-03-30
24953,Heidi Alexander,,,Labour,Lewisham East,House of Commons,2010-05-06,2015-03-30
11421,Helen Goodman,,,Labour,Bishop Auckland,House of Commons,2010-05-06,2015-03-30
24796,Helen Grant,,,Conservative,Maidstone and The Weald,House of Commons,2010-05-06,2015-03-30
10319,Helen Jones,,,Labour,Warrington North,House of Commons,2010-05-06,2015-03-30
10726,Henry Bellingham,,,Conservative,North West Norfolk,House of Commons,2010-05-06,2015-03-30
24802,Henry Smith,,,Conservative,Crawley,House of Commons,2010-05-06,2015-03-30
10669,Hilary Benn,,,Labour,Leeds Central,House of Commons,2010-05-06,2015-03-30
10029,Hugh Bayley,,,Labour,York Central,House of Commons,2010-05-06,2015-03-30
11190,Hugh Robertson,,,Conservative,Faversham and Mid Kent,House of Commons,2010-05-06,2015-03-30
11265,Hugo Swire,,,Conservative,East Devon,House of Commons,2010-05-06,2015-03-30
11347,Huw Irranca-Davies,,,Labour,Ogmore,House of Commons,2010-05-06,2015-03-30
10900,Hywel Francis,,,Labour,Aberavon,House of Commons,2010-05-06,2015-03-30
11323,Hywel Williams,,,Plaid Cymru,Arfon,House of Commons,2010-05-06,2015-03-30
10180,Iain Duncan Smith,,,Conservative,Chingford and Woodford Green,House of Commons,2010-05-06,2015-03-30
25145,Iain McKenzie,,,Labour,Inverclyde,House of Commons,2011-07-01,2015-03-30
24947,Iain Stewart,,,Conservative,Milton Keynes South,House of Commons,2010-05-06,2015-03-30
11362,Iain Wright,,,Labour,Hartlepool,House of Commons,2010-05-06,2015-03-30
11553,Ian Austin,,,Labour,Dudley North,House of Commons,2010-05-06,2015-03-30
10157,Ian Davidson,,,Labour,Glasgow South West,House of Commons,2010-05-06,2015-03-30
24963,Ian Lavery,,,Labour,Wansbeck,House of Commons,2010-05-06,2015-03-30
11048,Ian Liddell-Grainger,,,Conservative,Bridgwater and West Somerset,House of Commons,2010-05-06,2015-03-30
11057,Ian Lucas,,,Labour,Wrexham,House of Commons,2010-05-06,2015-03-30
24919,Ian Mearns,,,Labour,Gateshead,House of Commons,2010-05-06,2015-03-30
24872,Ian Murray,,,Labour,Edinburgh South,House of Commons,2010-05-06,2015-03-30
13852,Ian Paisley Jnr,,,DUP,North Antrim,House of Commons,2010-05-06,2015-03-30
24819,Ian Swales,,,Liberal Democrat,Redcar,House of Commons,2010-05-06,2015-03-30
10357,Ivan Lewis,,,Labour,Bury South,House of Commons,2010-05-06,2015-03-30
24825,Jack Dromey,,,Labour,"Birmingham, Erdington",House of Commons,2010-05-06,2015-03-30
24716,Jack Lopresti,,,Conservative,Filton and Bradley Stoke,House of Commons,2010-05-06,2015-03-30
10574,Jack Straw,,,Labour,Blackburn,House of Commons,2010-05-06,2015-03-30
24957,Jackie Doyle-Price,,,Conservative,Thurrock,House of Commons,2010-05-06,2015-03-30
24926,Jacob Rees-Mogg,,,Conservative,North East Somerset,House of Commons,2010-05-06,2015-03-30
24860,Jake Berry,,,Conservative,Rossendale and Darwen,House of Commons,2010-05-06,2015-03-30
10013,James Arbuthnot,,,Conservative,North East Hampshire,House of Commons,2010-05-06,2015-03-30
11640,James Brokenshire,,,Conservative,Old Bexley and Sidcup,House of Commons,2010-05-06,2015-03-30
10106,James Clappison,,,Conservative,Hertsmere,House of Commons,2010-05-06,2015-03-30
11785,James Duddridge,,,Conservative,Rochford and Southend East,House of Commons,2010-05-06,2015-03-30
10240,James Gray,,,Conservative,North Wiltshire,House of Commons,2010-05-06,2015-03-30
24855,James Morris,,,Conservative,Halesowen and Rowley Regis,House of Commons,2010-05-06,2015-03-30
10470,James Paice,,,Conservative,South East Cambridgeshire,House of Commons,2010-05-06,2015-03-30
24930,James Wharton,,,Conservative,Stockton South,House of Commons,2010-05-06,2015-03-30
11511,Jamie Reed,,,Labour,Copeland,House of Commons,2010-05-06,2015-03-30
24719,Jane Ellison,,,Conservative,Battersea,House of Commons,2010-05-06,2015-03-30
24887,Jason McCartney,,,Conservative,Colne Valley,House of Commons,2010-05-06,2015-03-30
10172,Jeffrey M. Donaldson,,,DUP,Lagan Valley,House of Commons,2010-05-06,2015-03-30
11480,Jennifer Willott,,,Liberal Democrat,Cardiff Central,House of Commons,2010-05-06,2015-03-30
24711,Jenny Chapman,,,Labour,Darlington,House of Commons,2010-05-06,2015-03-30
11869,Jeremy Browne,,,Liberal Democrat,Taunton Deane,House of Commons,2010-05-06,2015-03-30
10133,Jeremy Corbyn,,,Labour,Islington North,House of Commons,2010-05-06,2015-03-30
11859,Jeremy Hunt,,,Conservative,South West Surrey,House of Commons,2010-05-06,2015-03-30
24760,Jeremy Lefroy,,,Conservative,Stafford,House of Commons,2010-05-06,2015-03-30
11791,Jeremy Wright,,,Conservative,Kenilworth and Southam,House of Commons,2010-05-06,2015-03-30
24827,Jesse Norman,,,Conservative,Hereford and South Herefordshire,House of Commons,2010-05-06,2015-03-30
24757,Jessica Lee,,,Conservative,Erewash,House of Commons,2010-05-06,2015-03-30
11732,Jessica Morden,,,Labour,Newport East,House of Commons,2010-05-06,2015-03-30
10147,Jim Cunningham,,,Labour,Coventry South,House of Commons,2010-05-06,2015-03-30
10170,Jim Dobbin,,,Labour,Heywood and Middleton,House of Commons,2010-05-06,2014-09-07
10176,Jim Dowd,,,Labour,Lewisham West and Penge,House of Commons,2010-05-06,2015-03-30
10199,Jim Fitzpatrick,,,Labour,Poplar and Limehouse,House of Commons,2010-05-06,2015-03-30
11974,Jim McGovern,,,Labour,Dundee West,House of Commons,2010-05-06,2015-03-30
10453,Jim Murphy,,,Labour,East Renfrewshire,House of Commons,2010-05-06,2015-03-30
13864,Jim Shannon,,,DUP,Strangford,House of Commons,2010-05-06,2015-03-30
11221,Jim Sheridan,,,Labour,Paisley and Renfrewshire North,House of Commons,2010-05-06,2015-03-30
10285,Jimmy Hood,,,Labour,Lanark and Hamilton East,House of Commons,2010-05-06,2015-03-30
24895,Jo Johnson,,,Conservative,Orpington,House of Commons,2010-05-06,2015-03-30
11971,Jo Swinson,,,Liberal Democrat,East Dunbartonshire,House of Commons,2010-05-06,2015-03-30
10519,Joan Ruddock,,,Labour,"Lewisham, Deptford",House of Commons,2010-05-06,2015-03-30
10619,Joan Walley,,,Labour,Stoke-on-Trent North,House of Commons,2010-05-06,2015-03-30
10039,Joe Benton,,,Labour,Bootle,House of Commons,2010-05-06,2015-03-30
10715,John Baron,,,Conservative,Basildon and Billericay,House of Commons,2010-05-06,2015-03-30
10040,John Bercow,,,Speaker,Buckingham,House of Commons,2010-05-06,2015-03-30
10143,John Cryer,,,Labour,Leyton and Wanstead,House of Commons,2010-05-06,2015-03-30
10167,John Denham,,,Labour,"Southampton, Itchen",House of Commons,2010-05-06,2015-03-30
24839,John Glen,,,Conservative,Salisbury,House of Commons,2010-05-06,2015-03-30
10265,John Hayes,,,Conservative,South Holland and The Deepings,House of Commons,2010-05-06,2015-03-30
10268,John Healey,,,Labour,Wentworth and Dearne,House of Commons,2010-05-06,2015-03-30
11420,John Hemming,,,Liberal Democrat,"Birmingham, Yardley",House of Commons,2010-05-06,2015-03-30
14131,John Howell,,,Conservative,Henley,House of Commons,2010-05-06,2015-03-30
11707,John Leech,,,Liberal Democrat,"Manchester, Withington",House of Commons,2010-05-06,2015-03-30
11093,John Mann,,,Labour,Bassetlaw,House of Commons,2010-05-06,2015-03-30
10383,John Martin McDonnell,,,Labour,Hayes and Harlington,House of Commons,2010-05-06,2015-03-30
11924,John Penrose,,,Conservative,Weston-Super-Mare,House of Commons,2010-05-06,2015-03-30
11174,John Pugh,,,Liberal Democrat,Southport,House of Commons,2010-05-06,2015-03-30
10660,John Randall,,,Conservative,Uxbridge and South Ruislip,House of Commons,2010-05-06,2015-03-30
10499,John Redwood,,,Conservative,Wokingham,House of Commons,2010-05-06,2015-03-30
10684,John Robertson,,,Labour,Glasgow North West,House of Commons,2010-05-06,2015-03-30
10558,John Spellar,,,Labour,Warley,House of Commons,2010-05-06,2015-03-30
10563,John Stanley,,,Conservative,Tonbridge and Malling,House of Commons,2010-05-06,2015-03-30
24799,John Stevenson,,,Conservative,Carlisle,House of Commons,2010-05-06,2015-03-30
11280,John Thurso,,,Liberal Democrat,"Caithness, Sutherland and Easter Ross",House of Commons,2010-05-06,2015-03-30
10632,John Whittingdale,,,Conservative,Maldon,House of Commons,2010-05-06,2015-03-30
24837,John Woodcock,,,Labour,Barrow and Furness,House of Commons,2010-05-06,2015-03-30
25120,Jon Ashworth,,,Labour,Leicester South,House of Commons,2011-05-06,2015-03-30
10828,Jon Cruddas,,,Labour,Dagenham and Rainham,House of Commons,2010-05-06,2015-03-30
10604,Jon Trickett,,,Labour,Hemsworth,House of Commons,2010-05-06,2015-03-30
10854,Jonathan Djanogly,,,Conservative,Huntingdon,House of Commons,2010-05-06,2015-03-30
24743,Jonathan Edwards,,,Plaid Cymru,Carmarthen East and Dinefwr,House of Commons,2010-05-06,2015-03-30
22650,Jonathan Evans,,,Conservative,Cardiff North,House of Commons,2010-05-06,2015-03-30
24884,Jonathan Lord,,,Conservative,Woking,House of Commons,2010-05-06,2015-03-30
24929,Jonathan Reynolds,,,Labour,Stalybridge and Hyde,House of Commons,2010-05-06,2015-03-30
10065,Julian Brazier,,,Conservative,Canterbury,House of Commons,2010-05-06,2015-03-30
24892,Julian Huppert,,,Liberal Democrat,Cambridge,House of Commons,2010-05-06,2015-03-30
10358,Julian Lewis,,,Conservative,New Forest East,House of Commons,2010-05-06,2015-03-30
24961,Julian Smith,,,Conservative,Skipton and Ripon,House of Commons,2010-05-06,2015-03-30
24853,Julian Sturdy,,,Conservative,York Outer,House of Commons,2010-05-06,2015-03-30
24710,Julie Elliott,,,Labour,Sunderland Central,House of Commons,2010-05-06,2015-03-30
24881,Julie Hilling,,,Labour,Bolton West,House of Commons,2010-05-06,2015-03-30
24870,Justin Tomlinson,,,Conservative,North Swindon,House of Commons,2010-05-06,2015-03-30
11771,Justine Greening,,,Conservative,Putney,House of Commons,2010-05-06,2015-03-30
24725,Karen Bradley,,,Conservative,Staffordshire Moorlands,House of Commons,2010-05-06,2015-03-30
10075,Karen Buck,,,Labour,Westminster North,House of Commons,2010-05-06,2015-03-30
24856,Karen Lumley,,,Conservative,Redditch,House of Commons,2010-05-06,2015-03-30
24790,Karl McCartney,,,Conservative,Lincoln,House of Commons,2010-05-06,2015-03-30
24767,Karl Turner,,,Labour,Kingston upon Hull East,House of Commons,2010-05-06,2015-03-30
24896,Kate Green,,,Labour,Stretford and Urmston,House of Commons,2010-05-06,2015-03-30
10282,Kate Hoey,,,Labour,Vauxhall,House of Commons,2010-05-06,2015-03-30
11963,Katy Clark,,,Labour,North Ayrshire and Arran,House of Commons,2010-05-06,2015-03-30
10542,Keith Simpson,,,Conservative,Broadland,House of Commons,2010-05-06,2015-03-30
10614,Keith Vaz,,,Labour,Leicester East,House of Commons,2010-05-06,2015-03-30
10288,Kelvin Hopkins,,,Labour,Luton North,House of Commons,2010-05-06,2015-03-30
10115,Kenneth Clarke,,,Conservative,Rushcliffe,House of Commons,2010-05-06,2015-03-30
11455,Kerry McCarthy,,,Labour,Bristol East,House of Commons,2010-05-06,2015-03-30
11003,Kevan Jones,,,Labour,North Durham,House of Commons,2010-05-06,2015-03-30
10027,Kevin Barron,,,Labour,Rother Valley,House of Commons,2010-05-06,2015-03-30
10753,Kevin Brennan,,,Labour,Cardiff West,House of Commons,2010-05-06,2015-03-30
11087,Khalid Mahmood,,,Labour,"Birmingham, Perry Barr",House of Commons,2010-05-06,2015-03-30
24923,Kris Hopkins,,,Conservative,Keighley,House of Commons,2010-05-06,2015-03-30
24770,Kwasi Kwarteng,,,Conservative,Spelthorne,House of Commons,2010-05-06,2015-03-30
24792,Laura Sandys,,,Conservative,South Thanet,House of Commons,2010-05-06,2015-03-30
10505,Laurence Robertson,,,Conservative,Tewkesbury,House of Commons,2010-05-06,2015-03-30
11651,Lee Scott,,,Conservative,Ilford North,House of Commons,2010-05-06,2015-03-30
11360,Liam Byrne,,,Labour,"Birmingham, Hodge Hill",House of Commons,2010-05-06,2015-03-30
10213,Liam Fox,,,Conservative,North Somerset,House of Commons,2010-05-06,2015-03-30
24774,Lilian Greenwood,,,Labour,Nottingham South,House of Commons,2010-05-06,2015-03-30
11607,Linda Riordan,,,Labour,Halifax,House of Commons,2010-05-06,2015-03-30
10295,Lindsay Hoyle,,,Labour,Chorley,House of Commons,2010-05-06,2015-03-30
14142,Lindsay Roy,,,Labour,Glenrothes,House of Commons,2010-05-06,2015-03-30
24831,Lisa Nandy,,,Labour,Wigan,House of Commons,2010-05-06,2015-03-30
24816,Liz Kendall,,,Labour,Leicester West,House of Commons,2010-05-06,2015-03-30
25230,Liz McInnes,,,Labour,Heywood and Middleton,House of Commons,2014-10-10,2015-03-30
10423,Lord Maude of Horsham,,,Conservative,Horsham,House of Commons,2010-05-06,2015-03-30
11823,Lorely Burt,,,Liberal Democrat,Solihull,House of Commons,2010-05-06,2015-03-30
24801,Lorraine Fullbrook,,,Conservative,South Ribble,House of Commons,2010-05-06,2015-03-30
10186,Louise Ellman,,,Labour,"Liverpool, Riverside",House of Commons,2010-05-06,2015-03-30
24833,Louise Mensch,,,Conservative,Corby,House of Commons,2010-05-06,2012-08-29
24924,Luciana Berger,,,Labour,"Liverpool, Wavertree",House of Commons,2010-05-06,2015-03-30
25165,Lucy Powell,,,Labour,Manchester Central,House of Commons,2012-11-16,2015-03-30
11921,Lyn Brown,,,Labour,West Ham,House of Commons,2010-05-06,2015-03-30
11641,Lynne Featherstone,,,Liberal Democrat,Hornsey and Wood Green,House of Commons,2010-05-06,2015-03-30
11450,Madeleine Moon,,,Labour,Bridgend,House of Commons,2010-05-06,2015-03-30
10074,Malcolm Bruce,,,Liberal Democrat,Gordon,House of Commons,2010-05-06,2015-03-30
11660,Malcolm Rifkind,,,Conservative,Kensington,House of Commons,2010-05-06,2015-03-30
10633,Malcolm Wicks,,,Labour,Croydon North,House of Commons,2010-05-06,2012-09-29
24745,Marcus Jones,,,Conservative,Nuneaton,House of Commons,2010-05-06,2015-03-30
10031,Margaret Beckett,,,Labour,Derby South,House of Commons,2010-05-06,2015-03-30
24734,Margaret Curran,,,Labour,Glasgow East,House of Commons,2010-05-06,2015-03-30
10281,Margaret Hodge,,,Labour,Barking,House of Commons,2010-05-06,2015-03-30
13856,Margaret Ritchie,,,Social Democratic and Labour Party,South Down,House of Commons,2010-05-06,2015-03-30
24876,Margot James,,,Conservative,Stourbridge,House of Commons,2010-05-06,2015-03-30
10183,Maria Eagle,,,Labour,Garston and Halewood,House of Commons,2010-05-06,2015-03-30
11389,Maria Miller,,,Conservative,Basingstoke,House of Commons,2010-05-06,2015-03-30
11589,Mark Durkan,,,Social Democratic and Labour Party,Foyle,House of Commons,2010-05-06,2015-03-30
10884,Mark Field,,,Conservative,Cities of London and Westminster,House of Commons,2010-05-06,2015-03-30
10901,Mark Francois,,,Conservative,Rayleigh and Wickford,House of Commons,2010-05-06,2015-03-30
24824,Mark Garnier,,,Conservative,Wyre Forest,House of Commons,2010-05-06,2015-03-30
11588,Mark Harper,,,Conservative,Forest of Dean,House of Commons,2010-05-06,2015-03-30
10682,Mark Hendrick,,,Labour,Preston,House of Commons,2010-05-06,2015-03-30
10964,Mark Hoban,,,Conservative,Fareham,House of Commons,2010-05-06,2015-03-30
12016,Mark Hunter,,,Liberal Democrat,Cheadle,House of Commons,2010-05-06,2015-03-30
11715,Mark Lancaster,,,Conservative,Milton Keynes North,House of Commons,2010-05-06,2015-03-30
11038,Mark Lazarowicz,,,Labour,Edinburgh North and Leith,House of Commons,2010-05-06,2015-03-30
24804,Mark Menzies,,,Conservative,Fylde,House of Commons,2010-05-06,2015-03-30
24880,Mark Pawsey,,,Conservative,Rugby,House of Commons,2010-05-06,2015-03-30
11172,Mark Prisk,,,Conservative,Hertford and Stortford,House of Commons,2010-05-06,2015-03-30
11946,Mark Pritchard,,,Conservative,The Wrekin,House of Commons,2010-05-06,2015-03-30
24899,Mark Reckless,,,Conservative,Rochester and Strood,House of Commons,2010-05-06,2014-09-30
24899,Mark Reckless,,,UKIP,Rochester and Strood,House of Commons,2014-11-21,2015-03-30
11224,Mark Simmonds,,,Conservative,Boston and Skegness,House of Commons,2010-05-06,2015-03-30
24909,Mark Spencer,,,Conservative,Sherwood,House of Commons,2010-05-06,2015-03-30
11267,Mark Tami,,,Labour,Alyn and Deeside,House of Commons,2010-05-06,2015-03-30
11489,Mark Williams,,,Liberal Democrat,Ceredigion,House of Commons,2010-05-06,2015-03-30
10543,Marsha Singh,,,Labour,Bradford West,House of Commons,2010-05-06,2012-03-02
10096,Martin Caton,,,Labour,Gower,House of Commons,2010-05-06,2015-03-30
11494,Martin Horwood,,,Liberal Democrat,Cheltenham,House of Commons,2010-05-06,2015-03-30
10387,Martin McGuinness,,,Sinn Féin,Mid Ulster,House of Commons,2010-05-06,2013-01-02
24814,Martin Vickers,,,Conservative,Cleethorpes,House of Commons,2010-05-06,2015-03-30
11898,Mary Creagh,,,Labour,Wakefield,House of Commons,2010-05-06,2015-03-30
24927,Mary Glindon,,,Labour,North Tyneside,House of Commons,2010-05-06,2015-03-30
24913,Mary Macleod,,,Conservative,Brentford and Isleworth,House of Commons,2010-05-06,2015-03-30
24773,Matthew Hancock,,,Conservative,West Suffolk,House of Commons,2010-05-06,2015-03-30
24955,Matthew Offord,,,Conservative,Hendon,House of Commons,2010-05-06,2015-03-30
11605,Meg Hillier,,,Labour,Hackney South and Shoreditch,House of Commons,2010-05-06,2015-03-30
11128,Meg Munn,,,Labour,"Sheffield, Heeley",House of Commons,2010-05-06,2015-03-30
24914,Mel Stride,,,Conservative,Central Devon,House of Commons,2010-05-06,2015-03-30
10088,Menzies Campbell,,,Liberal Democrat,North East Fife,House of Commons,2010-05-06,2015-03-30
10128,Michael Connarty,,,Labour,Linlithgow and East Falkirk,House of Commons,2010-05-06,2015-03-30
24794,Michael Crockart,,,Liberal Democrat,Edinburgh West,House of Commons,2010-05-06,2015-03-30
24762,Michael Dugher,,,Labour,Barnsley East,House of Commons,2010-05-06,2015-03-30
24866,Michael Ellis,,,Conservative,Northampton North,House of Commons,2010-05-06,2015-03-30
10193,Michael Fabricant,,,Conservative,Lichfield,House of Commons,2010-05-06,2015-03-30
10194,Michael Fallon,,,Conservative,Sevenoaks,House of Commons,2010-05-06,2015-03-30
11858,Michael Gove,,,Conservative,Surrey Heath,House of Commons,2010-05-06,2015-03-30
24717,Michael McCann,,,Labour,"East Kilbride, Strathaven and Lesmahagow",House of Commons,2010-05-06,2015-03-30
10427,Michael Meacher,,,Labour,Oldham West and Royton,House of Commons,2010-05-06,2015-03-30
10439,Michael Moore,,,Liberal Democrat,"Berwickshire, Roxburgh and Selkirk",House of Commons,2010-05-06,2015-03-30
11312,Michael Weir,,,Scottish National Party,Angus,House of Commons,2010-05-06,2015-03-30
10913,Michelle Gildernew,,,Sinn Féin,Fermanagh and South Tyrone,House of Commons,2010-05-06,2015-03-30
24934,Mike Freer,,,Conservative,Finchley and Golders Green,House of Commons,2010-05-06,2015-03-30
10219,Mike Gapes,,,Labour,Ilford South,House of Commons,2010-05-06,2015-03-30
10258,Mike Hancock,,,Liberal Democrat,Portsmouth South,House of Commons,2010-05-06,2013-06-02
10258,Mike Hancock,,,Independent,Portsmouth South,House of Commons,2013-06-03,2015-03-30
25220,Mike Kane,,,Labour,Wythenshawe and Sale East,House of Commons,2014-02-13,2015-03-30
11626,Mike Penning,,,Conservative,Hemel Hempstead,House of Commons,2010-05-06,2015-03-30
25175,Mike Thornton,,,Liberal Democrat,Eastleigh,House of Commons,2013-03-01,2015-03-30
24889,Mike Weatherley,,,Conservative,Hove,House of Commons,2010-05-06,2015-03-30
10650,Mike Wood,,,Labour,Batley and Spen,House of Commons,2010-05-06,2015-03-30
24822,Nadhim Zahawi,,,Conservative,Stratford-on-Avon,House of Commons,2010-05-06,2015-03-30
11397,Nadine Dorries,,,Conservative,Mid Bedfordshire,House of Commons,2010-05-06,2015-03-30
13814,Naomi Long,,,Alliance,Belfast East,House of Commons,2010-05-06,2015-03-30
11534,Natascha Engel,,,Labour,North East Derbyshire,House of Commons,2010-05-06,2015-03-30
24840,Neil Carmichael,,,Conservative,Stroud,House of Commons,2010-05-06,2015-03-30
24779,Neil Parish,,,Conservative,Tiverton and Honiton,House of Commons,2010-05-06,2015-03-30
11692,Nia Griffith,,,Labour,Llanelli,House of Commons,2010-05-06,2015-03-30
24766,Nicholas Boles,,,Conservative,Grantham and Stamford,House of Commons,2010-05-06,2015-03-30
24798,Nicholas Dakin,,,Labour,Scunthorpe,House of Commons,2010-05-06,2015-03-30
10555,Nicholas Soames,,,Conservative,Mid Sussex,House of Commons,2010-05-06,2015-03-30
10069,Nick Brown,,,Labour,Newcastle upon Tyne East,House of Commons,2010-05-06,2015-03-30
11812,Nick Clegg,,,Liberal Democrat,"Sheffield, Hallam",House of Commons,2010-05-06,2015-03-30
10225,Nick Gibb,,,Conservative,Bognor Regis and Littlehampton,House of Commons,2010-05-06,2015-03-30
10262,Nick Harvey,,,Liberal Democrat,North Devon,House of Commons,2010-05-06,2015-03-30
11377,Nick Herbert,,,Conservative,Arundel and South Downs,House of Commons,2010-05-06,2015-03-30
11792,Nick Hurd,,,Conservative,"Ruislip, Northwood and Pinner",House of Commons,2010-05-06,2015-03-30
10498,Nick Raynsford,,,Labour,Greenwich and Woolwich,House of Commons,2010-05-06,2015-03-30
24728,Nick Smith,,,Labour,Blaenau Gwent,House of Commons,2010-05-06,2015-03-30
24859,Nick de Bois,,,Conservative,Enfield North,House of Commons,2010-05-06,2015-03-30
24732,Nicky Morgan,,,Conservative,Loughborough,House of Commons,2010-05-06,2015-03-30
24842,Nicola Blackwood,,,Conservative,Oxford West and Abingdon,House of Commons,2010-05-06,2015-03-30
24878,Nigel Adams,,,Conservative,Selby and Ainsty,House of Commons,2010-05-06,2015-03-30
10857,Nigel Dodds,,,DUP,Belfast North,House of Commons,2010-05-06,2015-03-30
10190,Nigel Evans,,,Conservative,Ribble Valley,House of Commons,2010-05-06,2015-03-30
24965,Nigel Mills,,,Conservative,Amber Valley,House of Commons,2010-05-06,2015-03-30
10022,Norman Baker,,,Liberal Democrat,Lewes,House of Commons,2010-05-06,2015-03-30
11032,Norman Lamb,,,Liberal Democrat,North Norfolk,House of Commons,2010-05-06,2015-03-30
24898,Oliver Colvile,,,Conservative,"Plymouth, Sutton and Devonport",House of Commons,2010-05-06,2015-03-30
10267,Oliver Heald,,,Conservative,North East Hertfordshire,House of Commons,2010-05-06,2015-03-30
10355,Oliver Letwin,,,Conservative,West Dorset,House of Commons,2010-05-06,2015-03-30
10473,Owen Paterson,,,Conservative,North Shropshire,House of Commons,2010-05-06,2015-03-30
24797,Owen Smith,,,Labour,Pontypridd,House of Commons,2010-05-06,2015-03-30
24737,Pamela Nash,,,Labour,Airdrie and Shotts,House of Commons,2010-05-06,2015-03-30
10858,Pat Doherty,,,Sinn Féin,West Tyrone,House of Commons,2010-05-06,2015-03-30
24917,Pat Glass,,,Labour,North West Durham,House of Commons,2010-05-06,2015-03-30
11936,Pat McFadden,,,Labour,Wolverhampton South East,House of Commons,2010-05-06,2015-03-30
10397,Patrick McLoughlin,,,Conservative,Derbyshire Dales,House of Commons,2010-05-06,2015-03-30
11109,Patrick Mercer,,,Conservative,Newark,House of Commons,2010-05-06,2014-04-29
10041,Paul Beresford,,,Conservative,Mole Valley,House of Commons,2010-05-06,2015-03-30
24943,Paul Blomfield,,,Labour,Sheffield Central,House of Commons,2010-05-06,2015-03-30
10080,Paul Burstow,,,Liberal Democrat,Sutton and Cheam,House of Commons,2010-05-06,2015-03-30
10882,Paul Farrelly,,,Labour,Newcastle-under-Lyme,House of Commons,2010-05-06,2015-03-30
10203,Paul Flynn,,,Labour,Newport West,House of Commons,2010-05-06,2015-03-30
10232,Paul Goggins,,,Labour,Wythenshawe and Sale East,House of Commons,2010-05-06,2014-01-07
13904,Paul Maskey,,,Sinn Féin,Belfast West,House of Commons,2011-06-09,2015-03-30
24764,Paul Maynard,,,Conservative,Blackpool North and Cleveleys,House of Commons,2010-05-06,2015-03-30
10454,Paul Murphy,,,Labour,Torfaen,House of Commons,2010-05-06,2015-03-30
24886,Paul Uppal,,,Conservative,Wolverhampton South West,House of Commons,2010-05-06,2015-03-30
24821,Pauline Latham,,,Conservative,Mid Derbyshire,House of Commons,2010-05-06,2015-03-30
24938,Penny Mordaunt,,,Conservative,Portsmouth North,House of Commons,2010-05-06,2015-03-30
11333,Pete Wishart,,,Scottish National Party,Perth and North Perthshire,House of Commons,2010-05-06,2015-03-30
24904,Peter Aldous,,,Conservative,Waveney,House of Commons,2010-05-06,2015-03-30
11915,Peter Bone,,,Conservative,Wellingborough,House of Commons,2010-05-06,2015-03-30
10057,Peter Bottomley,,,Conservative,Worthing West,House of Commons,2010-05-06,2015-03-30
10252,Peter Hain,,,Labour,Neath,House of Commons,2010-05-06,2015-03-30
10362,Peter Lilley,,,Conservative,Hitchin and Harpenden,House of Commons,2010-05-06,2015-03-30
10373,Peter Luff,,,Conservative,Mid Worcestershire,House of Commons,2010-05-06,2015-03-30
11675,Peter Soulsby,,,Labour,Leicester South,House of Commons,2010-05-06,2011-04-01
10583,Peter Tapsell,,,Conservative,Louth and Horncastle,House of Commons,2010-05-06,2015-03-30
13933,Phil Wilson,,,Labour,Sedgefield,House of Commons,2010-05-06,2015-03-30
10652,Phil Woolas,,,Labour,Oldham East and Saddleworth,House of Commons,2010-05-06,2010-11-05
11816,Philip Davies,,,Conservative,Shipley,House of Commons,2010-05-06,2015-03-30
11696,Philip Dunne,,,Conservative,Ludlow,House of Commons,2010-05-06,2015-03-30
10257,Philip Hammond,,,Conservative,Runnymede and Weybridge,House of Commons,2010-05-06,2015-03-30
11661,Philip Hollobone,,,Conservative,Kettering,House of Commons,2010-05-06,2015-03-30
24765,Phillip Lee,,,Conservative,Bracknell,House of Commons,2010-05-06,2015-03-30
24778,Priti Patel,,,Conservative,Witham,House of Commons,2010-05-06,2015-03-30
24851,Rachel Reeves,,,Labour,Leeds West,House of Commons,2010-05-06,2015-03-30
24731,Rebecca Harris,,,Conservative,Castle Point,House of Commons,2010-05-06,2015-03-30
24920,Rehman Chishti,,,Conservative,Gillingham and Rainham,House of Commons,2010-05-06,2015-03-30
10707,Richard Bacon,,,Conservative,South Norfolk,House of Commons,2010-05-06,2015-03-30
11727,Richard Benyon,,,Conservative,Newbury,House of Commons,2010-05-06,2015-03-30
10076,Richard Burden,,,Labour,"Birmingham, Northfield",House of Commons,2010-05-06,2015-03-30
24903,Richard Drax,,,Conservative,South Dorset,House of Commons,2010-05-06,2015-03-30
24787,Richard Fuller,,,Conservative,Bedford,House of Commons,2010-05-06,2015-03-30
24921,Richard Graham,,,Conservative,Gloucester,House of Commons,2010-05-06,2015-03-30
24954,Richard Harrington,,,Conservative,Watford,House of Commons,2010-05-06,2015-03-30
10468,Richard Ottaway,,,Conservative,Croydon South,House of Commons,2010-05-06,2015-03-30
10537,Richard Shepherd,,,Conservative,Aldridge-Brownhills,House of Commons,2010-05-06,2015-03-30
11843,Rob Flello,,,Labour,Stoke-on-Trent South,House of Commons,2010-05-06,2015-03-30
11773,Rob Wilson,,,Conservative,Reading East,House of Commons,2010-05-06,2015-03-30
24843,Robert Buckland,,,Conservative,South Swindon,House of Commons,2010-05-06,2015-03-30
11804,Robert Goodwill,,,Conservative,Scarborough and Whitby,House of Commons,2010-05-06,2015-03-30
24784,Robert Halfon,,,Conservative,Harlow,House of Commons,2010-05-06,2015-03-30
25227,Robert Jenrick,,,Conservative,Newark,House of Commons,2014-06-06,2015-03-30
10552,Robert Smith,,,Liberal Democrat,West Aberdeenshire and Kincardine,House of Commons,2010-05-06,2015-03-30
10582,Robert Syms,,,Conservative,Poole,House of Commons,2010-05-06,2015-03-30
10620,Robert Walter,,,Conservative,North Dorset,House of Commons,2010-05-06,2015-03-30
11558,Roberta Blackman-Woods,,,Labour,City of Durham,House of Commons,2010-05-06,2015-03-30
24862,Robin Walker,,,Conservative,Worcester,House of Commons,2010-05-06,2015-03-30
10217,Roger Gale,,,Conservative,North Thanet,House of Commons,2010-05-06,2015-03-30
10231,Roger Godsiff,,,Labour,"Birmingham, Hall Green",House of Commons,2010-05-06,2015-03-30
11324,Roger Williams,,,Liberal Democrat,Brecon and Radnorshire,House of Commons,2010-05-06,2015-03-30
10089,Ronnie Campbell,,,Labour,Blyth Valley,House of Commons,2010-05-06,2015-03-30
24964,Rory Stewart,,,Conservative,Penrith and The Border,House of Commons,2010-05-06,2015-03-30
11667,Rosie Cooper,,,Labour,West Lancashire,House of Commons,2010-05-06,2015-03-30
10648,Rosie Winterton,,,Labour,Doncaster Central,House of Commons,2010-05-06,2015-03-30
24958,Rushanara Ali,,,Labour,Bethnal Green and Bow,House of Commons,2010-05-06,2015-03-30
10070,Russell Brown,,,Labour,Dumfries and Galloway,House of Commons,2010-05-06,2015-03-30
11878,Sadiq Khan,,,Labour,Tooting,House of Commons,2010-05-06,2015-03-30
24854,Sajid Javid,,,Conservative,Bromsgrove,House of Commons,2010-05-06,2015-03-30
24789,Sam Gyimah,,,Conservative,East Surrey,House of Commons,2010-05-06,2015-03-30
11374,Sammy Wilson,,,DUP,East Antrim,House of Commons,2010-05-06,2015-03-30
10467,Sandra Osborne,,,Labour,"Ayr, Carrick and Cumnock",House of Commons,2010-05-06,2015-03-30
25168,Sarah Champion,,,Labour,Rotherham,House of Commons,2012-11-30,2015-03-30
24948,Sarah Newton,,,Conservative,Truro and Falmouth,House of Commons,2010-05-06,2015-03-30
11350,Sarah Teather,,,Liberal Democrat,Brent Central,House of Commons,2010-05-06,2015-03-30
24761,Sarah Wollaston,,,Conservative,Totnes,House of Commons,2010-05-06,2015-03-30
25150,Seema Malhotra,,,Labour,Feltham and Heston,House of Commons,2011-12-16,2015-03-30
24788,Shabana Mahmood,,,Labour,"Birmingham, Ladywood",House of Commons,2010-05-06,2015-03-30
11475,Shailesh Vara,,,Conservative,North West Cambridgeshire,House of Commons,2010-05-06,2015-03-30
11592,Sharon Hodgson,,,Labour,Washington and Sunderland West,House of Commons,2010-05-06,2015-03-30
10651,Shaun Woodward,,,Labour,St Helens South and Whiston,House of Commons,2010-05-06,2015-03-30
24763,Sheila Gilmore,,,Labour,Edinburgh East,House of Commons,2010-05-06,2015-03-30
24875,Sheryll Murray,,,Conservative,South East Cornwall,House of Commons,2010-05-06,2015-03-30
10079,Simon Burns,,,Conservative,Chelmsford,House of Commons,2010-05-06,2015-03-30
24808,Simon Danczuk,,,Labour,Rochdale,House of Commons,2010-05-06,2015-03-30
24813,Simon Hart,,,Conservative,Carmarthen West and South Pembrokeshire,House of Commons,2010-05-06,2015-03-30
10298,Simon Hughes,,,Liberal Democrat,Bermondsey and Old Southwark,House of Commons,2010-05-06,2015-03-30
24900,Simon Kirby,,,Conservative,"Brighton, Kemptown",House of Commons,2010-05-06,2015-03-30
24858,Simon Reevell,,,Conservative,Dewsbury,House of Commons,2010-05-06,2015-03-30
24874,Simon Wright,,,Liberal Democrat,Norwich South,House of Commons,2010-05-06,2015-03-30
10381,Siobhain McDonagh,,,Labour,Mitcham and Morden,House of Commons,2010-05-06,2015-03-30
11863,Siân James,,,Labour,Swansea East,House of Commons,2010-05-06,2015-03-30
24949,Stella Creasy,,,Labour,Walthamstow,House of Commons,2010-05-06,2015-03-30
24916,Stephen Barclay,,,Conservative,North East Cambridgeshire,House of Commons,2010-05-06,2015-03-30
11768,Stephen Crabb,,,Conservative,Preseli Pembrokeshire,House of Commons,2010-05-06,2015-03-30
10175,Stephen Dorrell,,,Conservative,Charnwood,House of Commons,2010-05-06,2015-03-30
25166,Stephen Doughty,,,Labour,Cardiff South and Penarth,House of Commons,2012-11-16,2015-03-30
24928,Stephen Gilbert,,,Liberal Democrat,St Austell and Newquay,House of Commons,2010-05-06,2015-03-30
11927,Stephen Hammond,,,Conservative,Wimbledon,House of Commons,2010-05-06,2015-03-30
10274,Stephen Hepburn,,,Labour,Jarrow,House of Commons,2010-05-06,2015-03-30
24754,Stephen Lloyd,,,Liberal Democrat,Eastbourne,House of Commons,2010-05-06,2015-03-30
24888,Stephen McPartland,,,Conservative,Stevenage,House of Commons,2010-05-06,2015-03-30
24749,Stephen Metcalfe,,,Conservative,South Basildon and East Thurrock,House of Commons,2010-05-06,2015-03-30
24750,Stephen Mosley,,,Conservative,City of Chester,House of Commons,2010-05-06,2015-03-30
10670,Stephen O'Brien,,,Conservative,Eddisbury,House of Commons,2010-05-06,2015-03-30
24935,Stephen Philip Rotheram,,,Labour,"Liverpool, Walton",House of Commons,2010-05-06,2015-03-30
24836,Stephen Phillips,,,Conservative,Sleaford and North Hykeham,House of Commons,2010-05-06,2015-03-30
10596,Stephen Timms,,,Labour,East Ham,House of Commons,2010-05-06,2015-03-30
10611,Stephen Twigg,,,Labour,"Liverpool, West Derby",House of Commons,2010-05-06,2015-03-30
11458,Stephen Williams,,,Liberal Democrat,Bristol West,House of Commons,2010-05-06,2015-03-30
24901,Steve Brine,,,Conservative,Winchester,House of Commons,2010-05-06,2015-03-30
10377,Steve McCabe,,,Labour,"Birmingham, Selly Oak",House of Commons,2010-05-06,2015-03-30
10484,Steve Pound,,,Labour,Ealing North,House of Commons,2010-05-06,2015-03-30
25170,Steve Reed,,,Labour,Croydon North,House of Commons,2012-11-30,2015-03-30
10626,Steve Webb,,,Liberal Democrat,Thornbury and Yate,House of Commons,2010-05-06,2015-03-30
24786,Steven Baker,,,Conservative,Wycombe,House of Commons,2010-05-06,2015-03-30
11973,Stewart Hosie,,,Scottish National Party,Dundee East,House of Commons,2010-05-06,2015-03-30
11759,Stewart Jackson,,,Conservative,Peterborough,House of Commons,2010-05-06,2015-03-30
24864,Stuart Andrew,,,Conservative,Pudsey,House of Commons,2010-05-06,2015-03-30
10036,Stuart Bell,,,Labour,Middlesbrough,House of Commons,2010-05-06,2012-10-13
24720,Susan Elan Jones,,,Labour,Clwyd South,House of Commons,2010-05-06,2015-03-30
10958,Sylvia Hermon,,,Independent,North Down,House of Commons,2010-05-06,2015-03-30
24956,Teresa Pearce,,,Labour,Erith and Thamesmead,House of Commons,2010-05-06,2015-03-30
10326,Tessa Jowell,,,Labour,Dulwich and West Norwood,House of Commons,2010-05-06,2015-03-30
24942,Tessa Munt,,,Liberal Democrat,Wells,House of Commons,2010-05-06,2015-03-30
10426,Theresa May,,,Conservative,Maidenhead,House of Commons,2010-05-06,2015-03-30
11500,Theresa Villiers,,,Conservative,Chipping Barnet,House of Commons,2010-05-06,2015-03-30
24771,Therese Coffey,,,Conservative,Suffolk Coastal,House of Commons,2010-05-06,2015-03-30
24730,Thomas Docherty,,,Labour,Dunfermline and West Fife,House of Commons,2010-05-06,2015-03-30
11923,Tim Farron,,,Liberal Democrat,Westmorland and Lonsdale,House of Commons,2010-05-06,2015-03-30
10371,Tim Loughton,,,Conservative,East Worthing and Shoreham,House of Commons,2010-05-06,2015-03-30
10658,Tim Yeo,,,Conservative,South Suffolk,House of Commons,2010-05-06,2015-03-30
11437,Tobias Ellwood,,,Conservative,Bournemouth East,House of Commons,2010-05-06,2015-03-30
24845,Toby Perkins,,,Labour,Chesterfield,House of Commons,2010-05-06,2015-03-30
24848,Tom Blenkinsop,,,Labour,Middlesbrough South and East Cleveland,House of Commons,2010-05-06,2015-03-30
10063,Tom Brake,,,Liberal Democrat,Carshalton and Wallington,House of Commons,2010-05-06,2015-03-30
10116,Tom Clarke,,,Labour,"Coatbridge, Chryston and Bellshill",House of Commons,2010-05-06,2015-03-30
24714,Tom Greatrex,,,Labour,Rutherglen and Hamilton West,House of Commons,2010-05-06,2015-03-30
10941,Tom Harris,,,Labour,Glasgow South,House of Commons,2010-05-06,2015-03-30
11309,Tom Watson,,,Labour,West Bromwich East,House of Commons,2010-05-06,2015-03-30
10023,Tony Baldry,,,Conservative,Banbury,House of Commons,2010-05-06,2015-03-30
10834,Tony Cunningham,,,Labour,Workington,House of Commons,2010-05-06,2015-03-30
10367,Tony Lloyd,,,Labour,Manchester Central,House of Commons,2010-05-06,2012-10-22
24871,Tracey Crouch,,,Conservative,Chatham and Aylesford,House of Commons,2010-05-06,2015-03-30
24850,Tristram Hunt,,,Labour,Stoke-on-Trent Central,House of Commons,2010-05-06,2015-03-30
24852,Valerie Vaz,,,Labour,Walsall South,House of Commons,2010-05-06,2015-03-30
10121,Vernon Coaker,,,Labour,Gedling,House of Commons,2010-05-06,2015-03-30
10084,Vincent Cable,,,Liberal Democrat,Twickenham,House of Commons,2010-05-06,2015-03-30
13934,Virendra Sharma,,,Labour,"Ealing, Southall",House of Commons,2010-05-06,2015-03-30
10842,Wayne David,,,Labour,Caerphilly,House of Commons,2010-05-06,2015-03-30
24697,William Bain,,,Labour,Glasgow North East,House of Commons,2010-05-06,2015-03-30
10251,William Hague,,,Conservative,Richmond (Yorks),House of Commons,2010-05-06,2015-03-30
10679,William McCrea,,,DUP,South Antrim,House of Commons,2010-05-06,2015-03-30
24775,Yasmin Qureshi,,,Labour,Bolton South East,House of Commons,2010-05-06,2015-03-30
10131,Yvette Cooper,,,Labour,"Normanton, Pontefract and Castleford",House of Commons,2010-05-06,2015-03-30
24805,Yvonne Fovargue,,,Labour,Makerfield,House of Commons,2010-05-06,2015-03-30
24911,Zac Goldsmith,,,Conservative,Richmond Park,House of Commons,2010-05-06,2015-03-30
